#Hit_Id	Replicon_name	Position	Sequence_length	Gene	Reference_system	Predicted_system	System_Id	System_status	Gene_status	i-evalue	Score	Profile_coverage	Sequence_coverage	Begin_match	End_match
BazSymB_scaffold00025_13	Unordered	390	463	Flg_sctN_FLG	Flagellum	Flagellum        	Flagellum_putative	no_decision	mandatory	3.800e-73	243.200	0.926	0.868        	3	404
BazSymB_scaffold00060_4	Unordered	446	852	T6SSi_tssH	T6SSi	T6SSi        	T6SSi_putative	no_decision	mandatory	1.100e-242	804.700	0.971	0.973        	3	831
BazSymB_scaffold00025_15	Unordered	392	513	T3SS_sctN	T3SS	T3SS        	T3SS_putative	no_decision	mandatory	2.100e-52	175.100	0.954	0.827        	22	445
BazSymB_scaffold00011_20	Unordered	1740	420	T3SS_sctN	T3SS	T3SS        	T3SS_putative	no_decision	mandatory	1.400e-27	93.300	0.548	0.562        	159	394
BazSymB_Gorf18_glimmer3_outer_membrane_adhesin-like_protein	Unordered	338	1653	T5aSS_PF03797	T5aSS	T5aSS        	T5aSS_putative	no_decision	mandatory	9.800e-10	35.200	0.906	0.129        	1419	1631
BazSymB_scaffold00096_0	Unordered	401	829	T5aSS_PF03797	T5aSS	T5aSS        	T5aSS_putative	no_decision	mandatory	3.500e-09	33.300	0.864	0.245        	595	797
BazSymB_Gcontig00636_0	Unordered	403	425	T5aSS_PF03797	T5aSS	T5aSS        	T5aSS_putative	no_decision	mandatory	8.500e-21	71.400	0.970	0.591        	158	408
BazSymB_scaffold00071_0	Unordered	674	604	T5aSS_PF03797	T5aSS	T5aSS        	T5aSS_putative	no_decision	mandatory	1.000e-13	48.200	0.909	0.356        	372	586
BazSymB_scaffold00004_39	Unordered	123	631	T1SS_abc	T1SS	T1SS        	T1SS_putative	no_decision	mandatory	2.500e-65	217.900	0.844	0.688        	69	502
BazSymB_scaffold00007_25	Unordered	168	715	T1SS_abc	T1SS	T1SS        	T1SS_putative	no_decision	mandatory	6.600e-139	460.600	1.000	0.703        	169	671
BazSymB_scaffold00007_26	Unordered	169	481	T1SS_mfp	T1SS	T1SS        	T1SS_putative	no_decision	mandatory	7.200e-56	186.500	1.000	0.769        	101	470
BazSymB_scaffold00007_27	Unordered	170	682	T1SS_abc	T1SS	T1SS        	T1SS_putative	no_decision	mandatory	1.200e-146	486.200	1.000	0.738        	144	646
BazSymB_scaffold00010_7	Unordered	1332	352	T1SS_omf	T1SS	T1SS        	T1SS_putative	no_decision	mandatory	2.000e-12	43.100	0.632	0.705        	41	288
BazSymB_scaffold00010_10	Unordered	1335	403	T1SS_abc	T1SS	T1SS        	T1SS_putative	no_decision	mandatory	6.800e-66	219.700	0.707	0.886        	9	365
BazSymB_scaffold00014_7	Unordered	1521	572	T1SS_abc	T1SS	T1SS        	T1SS_putative	no_decision	mandatory	4.700e-82	273.000	0.956	0.839        	50	529
BazSymB_scaffold00014_23_[weak_similarity_to]_Outer_membraneeffluxprotein	Unordered	1535	455	T1SS_omf	T1SS	T1SS        	T1SS_putative	no_decision	mandatory	5.300e-12	41.700	0.843	0.767        	102	450
BazSymB_scaffold00026_7	Unordered	177	692	T4P_pilQ	T4P	T4P        	T4P_putative	no_decision	mandatory	5.200e-23	78.600	0.989	0.402        	413	690
BazSymB_scaffold00026_14	Unordered	184	560	T4P_pilB	T4P	T4P        	T4P_putative	no_decision	mandatory	9.600e-65	215.400	0.984	0.718        	136	537
BazSymB_Gorf31_glimmer3_cell_division_protein_FtsA	Unordered	566	408	T4P_pilM	T4P	T4P        	T4P_putative	no_decision	mandatory	3.100e-09	33.200	0.524	0.483        	148	344
BazSymB_scaffold00061_4	Unordered	1547	366	T4P_pilD	T4P	T4P        	T4P_putative	no_decision	accessory	2.300e-45	152.000	0.694	0.454        	10	175
BazSymB_scaffold00005_15	Unordered	551	191	T2SS_gspC	T2SS	T4P        	T4P_putative	no_decision	forbidden	1.700e-15	53.500	0.908	0.356        	101	168
BazSymB_V2scaffold00009_11	Unordered	9	181	T4SS_t4cp2	CONJ	CONJ        	CONJ_putative	no_decision	mandatory	8.700e-33	110.200	0.734	0.884        	19	178
BazSymB_V2scaffold00009_12	Unordered	10	372	T4SS_t4cp1	CONJ	CONJ        	CONJ_putative	no_decision	mandatory	1.000e-11	42.300	0.991	0.269        	198	297
BazSymB_scaffold00017_2	Unordered	324	602	T4SS_MOBH	CONJ	CONJ        	CONJ_putative	no_decision	accessory	1.200e-40	136.000	0.946	0.322        	26	219
BazSymB_Gorf7_glimmer3_type_IV_secretory_pathway,_VirB4_component	Unordered	329	716	T4SS_virb4	CONJ	CONJ        	CONJ_putative	no_decision	mandatory	2.500e-68	228.000	0.662	0.958        	16	701
BazSymB_scaffold00088_1	Unordered	1062	702	T4SS_t4cp2	CONJ	CONJ        	CONJ_putative	no_decision	mandatory	6.500e-26	87.700	0.964	0.348        	404	647
BazSymB_scaffold00026_16_[weak_similarity_to]_secretion_protein	Unordered	186	289	T2SS_gspG	T2SS	T2SS        	T2SS_putative	no_decision	mandatory	3.600e-04	17.400	0.557	0.277        	9	88
BazSymB_scaffold00005_15	Unordered	551	191	T2SS_gspC	T2SS	T2SS        	T2SS_putative	no_decision	accessory	1.700e-15	53.500	0.908	0.356        	101	168
BazSymB_scaffold00048_0	Unordered	665	402	T2SS_gspF	T2SS	T2SS        	T2SS_putative	no_decision	mandatory	3.300e-113	375.600	1.000	0.978        	8	400
BazSymB_scaffold00048_1	Unordered	666	484	T2SS_gspE	T2SS	T2SS        	T2SS_putative	no_decision	mandatory	8.000e-162	535.200	1.000	0.771        	8	380
BazSymB_scaffold00048_2	Unordered	667	654	T2SS_gspD	T2SS	T2SS        	T2SS_putative	no_decision	mandatory	2.000e-152	505.500	0.988	0.833        	26	570
BazSymB_scaffold00061_0_[similarity_to]_general_secretionpathwayprotein_J	Unordered	1543	165	T2SS_gspJ	T2SS	T2SS        	T2SS_putative	no_decision	mandatory	2.200e-12	44.500	0.545	0.406        	5	71
BazSymB_scaffold00061_1	Unordered	1544	121	T2SS_gspI	T2SS	T2SS        	T2SS_putative	no_decision	mandatory	3.800e-17	59.500	0.908	0.810        	5	102
BazSymB_scaffold00061_3	Unordered	1546	132	T2SS_gspG	T2SS	T2SS        	T2SS_putative	no_decision	mandatory	1.300e-35	119.200	1.000	0.902        	13	131
BazSymB_Gorf31_glimmer3_cell_division_protein_FtsA	Unordered	566	408	T4P_pilM	T4P	T2SS        	T2SS_putative	no_decision	forbidden	3.100e-09	33.200	0.524	0.483        	148	344
BazSymB_V2scaffold00009_8	Unordered	6	469	T4SS_F_traH	T4SS_typeF	T4SS_typeF        	T4SS_typeF_putative	no_decision	accessory	1.000e-57	192.600	0.918	0.896        	45	464
BazSymB_V2scaffold00009_13	Unordered	11	260	T4SS_F_traF	T4SS_typeF	T4SS_typeF        	T4SS_typeF_putative	no_decision	accessory	4.700e-20	68.700	0.797	0.835        	11	227
BazSymB_V2scaffold00009_14	Unordered	12	272	T4SS_F_trbC	T4SS_typeF	T4SS_typeF        	T4SS_typeF_putative	no_decision	accessory	5.500e-31	104.900	0.825	0.831        	39	264
BazSymB_V2scaffold00009_15	Unordered	13	328	T4SS_F_traU	T4SS_typeF	T4SS_typeF        	T4SS_typeF_putative	no_decision	accessory	2.000e-109	362.100	0.964	0.966        	9	325
BazSymB_V2scaffold00009_16	Unordered	14	195	T4SS_F_traW	T4SS_typeF	T4SS_typeF        	T4SS_typeF_putative	no_decision	accessory	4.300e-23	78.600	0.943	0.938        	10	192
BazSymB_V2scaffold00009_22	Unordered	20	154	T4SS_F_traV	T4SS_typeF	T4SS_typeF        	T4SS_typeF_putative	no_decision	accessory	2.400e-07	27.700	0.653	0.935        	2	145
BazSymB_V2scaffold00009_28	Unordered	26	186	T4SS_F_traE	T4SS_typeF	T4SS_typeF        	T4SS_typeF_putative	no_decision	accessory	1.400e-32	109.400	0.907	0.946        	7	182
BazSymB_V2scaffold00009_29	Unordered	27	87	T4SS_F_traL	T4SS_typeF	T4SS_typeF        	T4SS_typeF_putative	no_decision	accessory	1.600e-06	25.000	0.680	0.759        	2	67
BazSymB_Gorf5_glimmer3_integrating_conjugative_element_protein	Unordered	327	214	T4SS_G_tfc23	T4SS_typeG	T4SS_typeG        	T4SS_typeG_putative	no_decision	accessory	4.900e-50	167.200	0.631	0.949        	5	207
BazSymB_Gorf6_glimmer3_secreted_protein_containing_DUF1525	Unordered	328	139	T4SS_G_tfc24	T4SS_typeG	T4SS_typeG        	T4SS_typeG_putative	no_decision	accessory	1.700e-21	73.300	0.886	0.935        	8	137
BazSymB_Gorf9_glimmer3_[weak_similarity_to]_conjugal_transfer_protein	Unordered	331	116	T4SS_G_tfc15	T4SS_typeG	T4SS_typeG        	T4SS_typeG_putative	no_decision	accessory	1.400e-21	73.700	0.928	0.948        	6	115
BazSymB_Gorf11_glimmer3_Integrating_conjugative_element_protein	Unordered	332	252	T4SS_G_tfc14	T4SS_typeG	T4SS_typeG        	T4SS_typeG_putative	no_decision	accessory	9.800e-72	239.200	0.517	0.913        	14	243
BazSymB_Gorf14_glimmer3_conserved_hypothetical_protein	Unordered	335	211	T4SS_G_tfc12	T4SS_typeG	T4SS_typeG        	T4SS_typeG_putative	no_decision	accessory	3.000e-40	134.500	0.887	0.905        	16	206
BazSymB_scaffold00088_0	Unordered	1061	120	T4SS_G_tfc5	T4SS_typeG	T4SS_typeG        	T4SS_typeG_putative	no_decision	accessory	6.800e-28	94.200	0.634	0.908        	12	120
BazSymB_scaffold00088_2_[weak_similarity_to]_Integratingconjugativeelement_protein	Unordered	1063	174	T4SS_G_tfc7	T4SS_typeG	T4SS_typeG        	T4SS_typeG_putative	no_decision	accessory	3.100e-12	43.300	0.663	0.805        	3	142
BazSymB_scaffold00088_5	Unordered	1066	229	T4SS_G_tfc3	T4SS_typeG	T4SS_typeG        	T4SS_typeG_putative	no_decision	accessory	6.700e-28	94.100	0.792	0.843        	35	227
#Hit_Id	Replicon_name	Position	Sequence_length	Gene	Reference_system	Predicted_system	System_Id	System_status	Gene_status	i-evalue	Score	Profile_coverage	Sequence_coverage	Begin_match	End_match
BHECKSOX_1223	Unordered	84	460	Flg_sctN_FLG	Flagellum	Flagellum        	Flagellum_putative	no_decision	mandatory	5.000e-74	246.500	0.926	0.874        	3	404
BHECKSOX_738	Unordered	23	852	T6SSi_tssH	T6SSi	T6SSi        	T6SSi_putative	no_decision	mandatory	3.100e-237	787.000	0.971	0.972        	3	830
BHECKSOX_1665	Unordered	1198	348	Tad_tadA	Tad	Tad        	Tad_putative	no_decision	mandatory	2.000e-39	132.700	0.504	0.540        	148	335
BHECKSOX_1225	Unordered	86	513	T3SS_sctN	T3SS	T3SS        	T3SS_putative	no_decision	mandatory	4.600e-55	184.200	0.954	0.827        	23	446
BHECKSOX_257	Unordered	554	420	T3SS_sctN	T3SS	T3SS        	T3SS_putative	no_decision	mandatory	2.200e-26	89.700	0.548	0.562        	159	394
BHECKSOX_727	Unordered	12	415	T1SS_omf	T1SS	T1SS        	T1SS_putative	no_decision	mandatory	3.400e-09	32.900	0.840	0.795        	80	409
BHECKSOX_753	Unordered	38	596	T1SS_abc	T1SS	T1SS        	T1SS_putative	no_decision	mandatory	1.800e-84	281.400	0.920	0.784        	82	548
BHECKSOX_2170	Unordered	342	612	T1SS_abc	T1SS	T1SS        	T1SS_putative	no_decision	mandatory	1.500e-64	215.700	0.932	0.775        	95	568
BHECKSOX_943	Unordered	870	573	T1SS_abc	T1SS	T1SS        	T1SS_putative	no_decision	mandatory	4.500e-82	273.500	0.954	0.836        	51	529
BHECKSOX_658	Unordered	748	405	T4P_pilM	T4P	T4P        	T4P_putative	no_decision	mandatory	4.600e-13	46.200	0.893	0.840        	10	349
BHECKSOX_2495	Unordered	461	604	T4SS_B_traP	T4SS_typeB	T4SS_typeB        	T4SS_typeB_putative	no_decision	accessory	6.700e-05	19.200	0.514	0.260        	15	171
BHECKSOX_1992	Unordered	265	1051	T4SS_MOBF	CONJ	CONJ        	CONJ_putative	no_decision	accessory	3.800e-216	717.400	0.999	0.854        	1	898
BHECKSOX_1993	Unordered	266	675	T4SS_t4cp2	CONJ	CONJ        	CONJ_putative	no_decision	mandatory	1.900e-43	145.500	0.973	0.316        	342	554
BHECKSOX_2007	Unordered	280	825	T4SS_virb4	CONJ	CONJ        	CONJ_putative	no_decision	mandatory	5.200e-94	313.400	0.813	0.990        	4	820
BHECKSOX_1657	Unordered	1190	811	T4SS_virb4	CONJ	CONJ        	CONJ_putative	no_decision	mandatory	1.200e-217	722.500	0.812	0.982        	15	810
BHECKSOX_1666	Unordered	1199	635	T4SS_t4cp2	CONJ	CONJ        	CONJ_putative	no_decision	mandatory	1.900e-62	207.600	0.982	0.346        	314	533
BHECKSOX_384	Unordered	1633	319	T4SS_MOBP1	CONJ	CONJ        	CONJ_putative	no_decision	accessory	8.900e-27	91.600	0.876	0.687        	41	259
BHECKSOX_1946	Unordered	1992	572	T5bSS_translocator	T5bSS	T5bSS        	T5bSS_putative	no_decision	mandatory	6.200e-69	230.000	0.968	0.925        	34	562
BHECKSOX_1299	Unordered	1034	164	T5cSS_PF03895	T5cSS	T5cSS        	T5cSS_putative	no_decision	mandatory	1.400e-09	35.200	0.936	0.439        	93	164
BHECKSOX_2145	Unordered	317	218	T4SS_I_traM	T4SS_typeI	T4SS_typeI        	T4SS_typeI_putative	no_decision	accessory	8.400e-34	114.000	0.856	0.867        	24	212
BHECKSOX_1990	Unordered	263	448	T4SS_F_traH	T4SS_typeF	T4SS_typeF        	T4SS_typeF_putative	no_decision	accessory	3.000e-55	184.900	0.918	0.946        	23	446
BHECKSOX_1995	Unordered	268	281	T4SS_F_traF	T4SS_typeF	T4SS_typeF        	T4SS_typeF_putative	no_decision	accessory	2.800e-18	63.300	0.822	0.801        	24	248
BHECKSOX_1998	Unordered	271	273	T4SS_F_trbC	T4SS_typeF	T4SS_typeF        	T4SS_typeF_putative	no_decision	accessory	4.000e-27	92.700	0.821	0.780        	49	261
BHECKSOX_2000	Unordered	273	327	T4SS_F_traU	T4SS_typeF	T4SS_typeF        	T4SS_typeF_putative	no_decision	accessory	5.900e-111	367.500	0.964	0.972        	7	324
BHECKSOX_2001	Unordered	274	199	T4SS_F_traW	T4SS_typeF	T4SS_typeF        	T4SS_typeF_putative	no_decision	accessory	3.500e-21	72.800	0.948	0.920        	12	194
BHECKSOX_2008	Unordered	281	170	T4SS_F_traV	T4SS_typeF	T4SS_typeF        	T4SS_typeF_putative	no_decision	accessory	5.400e-11	40.100	0.633	0.953        	1	162
BHECKSOX_2009	Unordered	282	387	T4SS_F_traB	T4SS_typeF	T4SS_typeF        	T4SS_typeF_putative	no_decision	accessory	8.400e-71	236.300	0.863	0.879        	46	385
BHECKSOX_2010	Unordered	283	243	T4SS_F_traK	T4SS_typeF	T4SS_typeF        	T4SS_typeF_putative	no_decision	accessory	7.600e-11	39.000	0.730	0.848        	23	228
BHECKSOX_2011	Unordered	284	187	T4SS_F_traE	T4SS_typeF	T4SS_typeF        	T4SS_typeF_putative	no_decision	accessory	8.300e-36	120.400	0.943	0.979        	1	183
BHECKSOX_1655	Unordered	1188	101	T4SS_T_virB2	T4SS_typeT	T4SS_typeT        	T4SS_typeT_putative	no_decision	accessory	6.200e-12	42.700	0.858	0.941        	5	99
BHECKSOX_1656	Unordered	1189	99	T4SS_T_virB3	T4SS_typeT	T4SS_typeT        	T4SS_typeT_putative	no_decision	accessory	1.600e-17	60.600	0.901	0.727        	2	73
BHECKSOX_1660	Unordered	1193	331	T4SS_T_virB6	T4SS_typeT	T4SS_typeT        	T4SS_typeT_putative	no_decision	accessory	2.300e-44	149.300	0.633	0.816        	4	273
BHECKSOX_1662	Unordered	1195	243	T4SS_T_virB8	T4SS_typeT	T4SS_typeT        	T4SS_typeT_putative	no_decision	accessory	4.500e-62	206.600	0.969	0.975        	5	241
BHECKSOX_1663	Unordered	1196	283	T4SS_T_virB9	T4SS_typeT	T4SS_typeT        	T4SS_typeT_putative	no_decision	accessory	3.600e-76	252.900	0.974	0.986        	4	282
BHECKSOX_1664	Unordered	1197	375	T4SS_T_virB10	T4SS_typeT	T4SS_typeT        	T4SS_typeT_putative	no_decision	accessory	2.900e-28	96.300	0.685	0.680        	112	366
#Hit_Id	Replicon_name	Position	Sequence_length	Gene	Reference_system	Predicted_system	System_Id	System_status	Gene_status	i-evalue	Score	Profile_coverage	Sequence_coverage	Begin_match	End_match
BBROOKSOX_934	Unordered	1036	459	Flg_sctN_FLG	Flagellum	Flagellum        	Flagellum_putative	no_decision	mandatory	9.800e-74	245.100	0.923	0.874        	3	403
BBROOKSOX_1056	Unordered	189	852	T6SSi_tssH	T6SSi	T6SSi        	T6SSi_putative	no_decision	mandatory	6.500e-241	798.700	0.971	0.973        	3	831
BBROOKSOX_666	Unordered	879	430	T3SS_sctN	T3SS	T3SS        	T3SS_putative	no_decision	mandatory	2.100e-27	92.700	0.548	0.549        	169	404
BBROOKSOX_936	Unordered	1038	513	T3SS_sctN	T3SS	T3SS        	T3SS_putative	no_decision	mandatory	1.100e-55	185.800	0.954	0.827        	23	446
BBROOKSOX_256	Unordered	628	271	T2SS_gspC	T2SS	T2SS        	T2SS_putative	no_decision	accessory	4.200e-14	49.000	0.855	0.236        	66	129
BBROOKSOX_257	Unordered	629	642	T2SS_gspD	T2SS	T2SS        	T2SS_putative	no_decision	mandatory	1.700e-148	492.400	0.988	0.843        	24	564
BBROOKSOX_258	Unordered	630	483	T2SS_gspE	T2SS	T2SS        	T2SS_putative	no_decision	mandatory	2.200e-161	533.700	1.000	0.772        	7	379
BBROOKSOX_259	Unordered	631	402	T2SS_gspF	T2SS	T2SS        	T2SS_putative	no_decision	mandatory	8.500e-117	387.300	1.000	0.978        	8	400
BBROOKSOX_264	Unordered	636	136	T2SS_gspG	T2SS	T2SS        	T2SS_putative	no_decision	mandatory	4.600e-36	120.600	1.000	0.875        	17	135
BBROOKSOX_265	Unordered	637	149	T2SS_gspH	T2SS	T2SS        	T2SS_putative	no_decision	mandatory	1.200e-04	18.500	0.529	0.577        	1	86
BBROOKSOX_266	Unordered	638	122	T2SS_gspI	T2SS	T2SS        	T2SS_putative	no_decision	mandatory	6.700e-18	61.900	0.890	0.787        	6	101
BBROOKSOX_267	Unordered	639	164	T2SS_gspJ	T2SS	T2SS        	T2SS_putative	no_decision	mandatory	5.100e-14	49.800	0.520	0.390        	5	68
BBROOKSOX_1093	Unordered	1126	231	T2SS_gspN	T2SS	T2SS        	T2SS_putative	no_decision	accessory	1.400e-16	58.100	0.982	0.922        	5	217
BBROOKSOX_912	Unordered	1016	418	T4P_pilM	T4P	T2SS        	T2SS_putative	no_decision	forbidden	7.000e-09	32.000	0.615	0.550        	158	387
BBROOKSOX_1038	Unordered	171	572	T1SS_abc	T1SS	T1SS        	T1SS_putative	no_decision	mandatory	1.700e-81	271.100	0.948	0.832        	54	529
BBROOKSOX_1071	Unordered	204	592	T1SS_abc	T1SS	T1SS        	T1SS_putative	no_decision	mandatory	2.000e-84	280.800	0.938	0.811        	69	548
BBROOKSOX_1739	Unordered	455	389	T1SS_mfp	T1SS	T1SS        	T1SS_putative	no_decision	mandatory	5.300e-42	140.800	0.542	0.537        	170	378
BBROOKSOX_1740	Unordered	456	724	T1SS_abc	T1SS	T1SS        	T1SS_putative	no_decision	mandatory	6.300e-90	298.900	0.996	0.696        	154	657
BBROOKSOX_1741	Unordered	457	507	T1SS_omf	T1SS	T1SS        	T1SS_putative	no_decision	mandatory	4.000e-12	42.100	0.710	0.546        	112	388
BBROOKSOX_437	Unordered	777	458	T1SS_omf	T1SS	T1SS        	T1SS_putative	no_decision	mandatory	6.800e-04	15.000	0.843	0.738        	116	453
BBROOKSOX_1670	Unordered	1468	677	T1SS_abc	T1SS	T1SS        	T1SS_putative	no_decision	mandatory	8.100e-141	466.800	1.000	0.743        	131	633
BBROOKSOX_1671	Unordered	1469	456	T1SS_mfp	T1SS	T1SS        	T1SS_putative	no_decision	mandatory	1.700e-57	191.900	1.000	0.818        	73	445
BBROOKSOX_1672	Unordered	1470	683	T1SS_abc	T1SS	T1SS        	T1SS_putative	no_decision	mandatory	1.100e-150	499.300	1.000	0.736        	145	647
BBROOKSOX_1690	Unordered	432	246	T4P_pilD	T4P	T4P        	T4P_putative	no_decision	accessory	2.800e-74	246.600	0.991	0.935        	13	242
BBROOKSOX_912	Unordered	1016	418	T4P_pilM	T4P	T4P        	T4P_putative	no_decision	mandatory	7.000e-09	32.000	0.615	0.550        	158	387
BBROOKSOX_256	Unordered	628	271	T2SS_gspC	T2SS	T4P        	T4P_putative	no_decision	forbidden	4.200e-14	49.000	0.855	0.236        	66	129
BBROOKSOX_1093	Unordered	1126	231	T2SS_gspN	T2SS	T4P        	T4P_putative	no_decision	forbidden	1.400e-16	58.100	0.982	0.922        	5	217
#Hit_Id	Replicon_name	Position	Sequence_length	Gene	Reference_system	Predicted_system	System_Id	System_status	Gene_status	i-evalue	Score	Profile_coverage	Sequence_coverage	Begin_match	End_match
BSEPE_RS05220	UserReplicon	1016	389	T1SS_mfp	T1SS	T1SS        	UserReplicon_T1SS_1	single_locus	mandatory	1.500e-39	132.600	0.516	0.512        	180	378
BSEPE_RS05225	UserReplicon	1017	703	T1SS_abc	T1SS	T1SS        	UserReplicon_T1SS_1	single_locus	mandatory	3.500e-93	309.500	0.996	0.717        	154	657
BSEPE_RS05235	UserReplicon	1019	597	T1SS_omf	T1SS	T1SS        	UserReplicon_T1SS_1	single_locus	mandatory	1.500e-10	36.700	0.705	0.462        	126	401
#Hit_Id	Replicon_name	Position	Sequence_length	Gene	Reference_system	Predicted_system	System_Id	System_status	Gene_status	i-evalue	Score	Profile_coverage	Sequence_coverage	Begin_match	End_match
BAT02184	Unordered	2183	463	Flg_sctN_FLG	Flagellum	Flagellum        	Flagellum_putative	no_decision	mandatory	3.200e-73	243.800	0.926	0.868        	3	404
BAT00530	Unordered	530	852	T6SSi_tssH	T6SSi	T6SSi        	T6SSi_putative	no_decision	mandatory	7.100e-242	802.300	0.971	0.973        	3	831
BAT01294	Unordered	1293	420	T3SS_sctN	T3SS	T3SS        	T3SS_putative	no_decision	mandatory	9.000e-27	90.900	0.548	0.562        	159	394
BAT02186	Unordered	2185	513	T3SS_sctN	T3SS	T3SS        	T3SS_putative	no_decision	mandatory	8.700e-54	180.000	0.956	0.828        	22	446
BAT00327	Unordered	327	208	T4SS_T_virB8	T4SS_typeT	T4SS_typeT        	T4SS_typeT_putative	no_decision	accessory	3.400e-28	95.600	0.856	0.942        	6	201
BAT00209	Unordered	209	185	T2SS_gspC	T2SS	T2SS        	T2SS_putative	no_decision	accessory	4.500e-15	52.500	0.882	0.357        	97	162
BAT00313	Unordered	313	132	T2SS_gspG	T2SS	T2SS        	T2SS_putative	no_decision	mandatory	1.900e-37	125.400	1.000	0.902        	13	131
BAT00315	Unordered	315	121	T2SS_gspI	T2SS	T2SS        	T2SS_putative	no_decision	mandatory	1.700e-16	57.800	0.908	0.810        	5	102
BAT00316_[similarity_to]_general_secretion_pathway_protein_J	Unordered	316	165	T2SS_gspJ	T2SS	T2SS        	T2SS_putative	no_decision	mandatory	5.200e-13	46.900	0.553	0.412        	5	72
BAT00317	Unordered	317	298	T2SS_gspK	T2SS	T2SS        	T2SS_putative	no_decision	mandatory	2.300e-18	64.100	0.543	0.426        	11	137
BAT00897	Unordered	896	402	T2SS_gspF	T2SS	T2SS        	T2SS_putative	no_decision	mandatory	6.100e-116	384.900	1.000	0.978        	8	400
BAT00898	Unordered	897	482	T2SS_gspE	T2SS	T2SS        	T2SS_putative	no_decision	mandatory	6.600e-161	532.500	1.000	0.774        	6	378
BAT02128_[weak_similarity_to]_pilin-related_protein	Unordered	2127	290	T2SS_gspG	T2SS	T2SS        	T2SS_putative	no_decision	mandatory	5.800e-05	20.300	0.557	0.276        	10	89
BAT00225	Unordered	225	408	T4P_pilM	T4P	T2SS        	T2SS_putative	no_decision	forbidden	1.200e-09	34.900	0.864	0.809        	11	340
BAT00084	Unordered	84	458	T1SS_omf	T1SS	T1SS        	T1SS_putative	no_decision	mandatory	7.500e-10	35.000	0.848	0.742        	114	453
BAT00126	Unordered	126	572	T1SS_abc	T1SS	T1SS        	T1SS_putative	no_decision	mandatory	5.200e-83	276.500	0.956	0.839        	50	529
BAT00562	Unordered	562	596	T1SS_abc	T1SS	T1SS        	T1SS_putative	no_decision	mandatory	4.200e-82	273.500	0.938	0.805        	69	548
BAT01460	Unordered	1459	617	T1SS_abc	T1SS	T1SS        	T1SS_putative	no_decision	mandatory	8.000e-146	483.700	1.000	0.815        	79	581
BAT01462	Unordered	1461	405	T1SS_mfp	T1SS	T1SS        	T1SS_putative	no_decision	mandatory	1.200e-57	192.800	1.000	0.914        	25	394
BAT01463	Unordered	1462	715	T1SS_abc	T1SS	T1SS        	T1SS_putative	no_decision	mandatory	3.800e-139	461.700	1.000	0.703        	169	671
BAT01787	Unordered	1786	419	T1SS_omf	T1SS	T1SS        	T1SS_putative	no_decision	mandatory	2.200e-08	30.100	0.645	0.594        	149	397
BAT01788	Unordered	1787	704	T1SS_abc	T1SS	T1SS        	T1SS_putative	no_decision	mandatory	2.900e-95	316.900	0.996	0.716        	163	666
BAT01789	Unordered	1788	391	T1SS_mfp	T1SS	T1SS        	T1SS_putative	no_decision	mandatory	6.100e-43	144.300	0.511	0.504        	184	380
BAT00225	Unordered	225	408	T4P_pilM	T4P	T4P        	T4P_putative	no_decision	mandatory	1.200e-09	34.900	0.864	0.809        	11	340
BAT00311	Unordered	311	246	T4P_pilD	T4P	T4P        	T4P_putative	no_decision	accessory	8.800e-72	238.800	0.983	0.931        	11	239
BAT00899	Unordered	898	647	T4P_pilQ	T4P	T4P        	T4P_putative	no_decision	mandatory	5.300e-47	157.600	0.996	0.427        	291	566
BAT02118	Unordered	2117	502	T4P_pilQ	T4P	T4P        	T4P_putative	no_decision	mandatory	1.300e-23	80.900	0.989	0.554        	223	500
BAT02125	Unordered	2124	559	T4P_pilB	T4P	T4P        	T4P_putative	no_decision	mandatory	6.400e-65	216.300	0.984	0.719        	135	536
BAT02136	Unordered	2135	313	T4P_pilT_pilU	T4P	T4P        	T4P_putative	no_decision	mandatory	8.000e-50	166.800	0.712	0.735        	38	267
BAT00209	Unordered	209	185	T2SS_gspC	T2SS	T4P        	T4P_putative	no_decision	forbidden	4.500e-15	52.500	0.882	0.357        	97	162
BAT00291	Unordered	291	613	T4SS_MOBP1	CONJ	CONJ        	CONJ_putative	no_decision	accessory	1.600e-17	61.300	0.691	0.268        	63	226
BAT00340	Unordered	340	777	T4SS_virb4	CONJ	CONJ        	CONJ_putative	no_decision	mandatory	9.300e-65	216.500	0.698	0.950        	33	770
BAT00346	Unordered	346	599	T4SS_MOBH	CONJ	CONJ        	CONJ_putative	no_decision	accessory	2.400e-39	132.100	0.961	0.331        	9	206
BAT01430	Unordered	1429	309	T4SS_t4cp2	CONJ	CONJ        	CONJ_putative	no_decision	mandatory	2.500e-26	89.400	0.964	0.780        	14	254
BAT01431	Unordered	1430	349	T4SS_t4cp1	CONJ	CONJ        	CONJ_putative	no_decision	mandatory	2.400e-12	44.700	0.982	0.298        	197	300
BAT00332	Unordered	332	102	T4SS_G_tfc8	T4SS_typeG	T4SS_typeG        	T4SS_typeG_putative	no_decision	accessory	6.300e-08	29.500	0.707	0.784        	7	86
BAT00335	Unordered	335	211	T4SS_G_tfc12	T4SS_typeG	T4SS_typeG        	T4SS_typeG_putative	no_decision	accessory	2.900e-40	134.800	0.896	0.915        	16	208
BAT00336	Unordered	336	218	T4SS_G_tfc13	T4SS_typeG	T4SS_typeG        	T4SS_typeG_putative	no_decision	accessory	6.500e-27	91.500	0.753	0.968        	6	216
BAT00338_[weak_similarity_to]_Bacterial_conjugation_TrbI-like_protein	Unordered	338	419	T4SS_G_tfc14	T4SS_typeG	T4SS_typeG        	T4SS_typeG_putative	no_decision	accessory	3.000e-72	241.300	0.797	0.912        	27	408
BAT00342	Unordered	342	140	T4SS_G_tfc24	T4SS_typeG	T4SS_typeG        	T4SS_typeG_putative	no_decision	accessory	1.000e-19	67.800	0.914	0.957        	4	137
BAT00343	Unordered	343	303	T4SS_G_tfc23	T4SS_typeG	T4SS_typeG        	T4SS_typeG_putative	no_decision	accessory	1.100e-69	232.100	0.937	0.954        	8	296
BAT01425	Unordered	1424	386	T4SS_G_tfc22	T4SS_typeG	T4SS_typeG        	T4SS_typeG_putative	no_decision	accessory	4.500e-71	236.800	0.864	0.953        	7	374
BAT01429	Unordered	1428	174	T4SS_G_tfc7	T4SS_typeG	T4SS_typeG        	T4SS_typeG_putative	no_decision	accessory	5.200e-28	95.300	0.779	0.977        	3	172
BAT01432	Unordered	1431	171	T4SS_G_tfc5	T4SS_typeG	T4SS_typeG        	T4SS_typeG_putative	no_decision	accessory	1.200e-26	90.500	0.919	0.895        	19	171
BAT02117_[similarity_to]_type_IV_pilus_protein	Unordered	2116	273	T4SS_G_tfc2	T4SS_typeG	T4SS_typeG        	T4SS_typeG_putative	no_decision	accessory	1.600e-31	106.400	0.772	0.597        	8	170
BAT01135	Unordered	1134	333	T5aSS_PF03797	T5aSS	T5aSS        	T5aSS_putative	no_decision	mandatory	1.900e-10	37.800	0.906	0.616        	107	311
BAT00161	Unordered	161	569	T5bSS_translocator	T5bSS	T5bSS        	T5bSS_putative	no_decision	mandatory	3.000e-70	234.300	0.929	0.882        	51	552
BAT01965	Unordered	1964	592	T5bSS_translocator	T5bSS	T5bSS        	T5bSS_putative	no_decision	mandatory	3.400e-64	214.300	0.968	0.892        	55	582
BAT01427	Unordered	1426	245	T4SS_I_traP	T4SS_typeI	T4SS_typeI        	T4SS_typeI_putative	no_decision	accessory	1.100e-06	25.500	0.820	0.833        	28	231
#Hit_Id	Replicon_name	Position	Sequence_length	Gene	Reference_system	Predicted_system	System_Id	System_status	Gene_status	i-evalue	Score	Profile_coverage	Sequence_coverage	Begin_match	End_match
BTHERMOSOX_786	Unordered	1528	459	Flg_sctN_FLG	Flagellum	Flagellum        	Flagellum_putative	no_decision	mandatory	9.500e-74	245.300	0.923	0.874        	3	403
BTHERMOSOX_1941	Unordered	905	852	T6SSi_tssH	T6SSi	T6SSi        	T6SSi_putative	no_decision	mandatory	1.200e-242	804.700	0.971	0.973        	3	831
BTHERMOSOX_433	Unordered	186	442	T3SS_sctN	T3SS	T3SS        	T3SS_putative	no_decision	mandatory	7.900e-27	90.900	0.548	0.534        	181	416
BTHERMOSOX_784	Unordered	1526	513	T3SS_sctN	T3SS	T3SS        	T3SS_putative	no_decision	mandatory	4.000e-55	184.200	0.954	0.827        	23	446
BTHERMOSOX_1864	Unordered	1000	839	T5aSS_PF03797	T5aSS	T5aSS        	T5aSS_putative	no_decision	mandatory	2.500e-06	24.100	0.702	0.201        	610	778
BTHERMOSOX_1913	Unordered	46	292	T2SS_gspK	T2SS	T2SS        	T2SS_putative	no_decision	mandatory	1.800e-20	70.800	0.530	0.425        	7	130
BTHERMOSOX_1914	Unordered	47	165	T2SS_gspJ	T2SS	T2SS        	T2SS_putative	no_decision	mandatory	3.000e-15	53.900	0.561	0.424        	5	74
BTHERMOSOX_1915	Unordered	48	122	T2SS_gspI	T2SS	T2SS        	T2SS_putative	no_decision	mandatory	4.500e-19	65.900	0.945	0.836        	6	107
BTHERMOSOX_1916	Unordered	49	178	T2SS_gspH	T2SS	T2SS        	T2SS_putative	no_decision	mandatory	3.000e-09	33.600	0.510	0.455        	11	91
BTHERMOSOX_1917	Unordered	50	136	T2SS_gspG	T2SS	T2SS        	T2SS_putative	no_decision	mandatory	4.100e-36	120.900	1.000	0.875        	17	135
BTHERMOSOX_1919	Unordered	52	401	T2SS_gspF	T2SS	T2SS        	T2SS_putative	no_decision	mandatory	6.700e-116	384.500	1.000	0.978        	8	399
BTHERMOSOX_1920	Unordered	53	483	T2SS_gspE	T2SS	T2SS        	T2SS_putative	no_decision	mandatory	1.000e-162	538.200	1.000	0.772        	7	379
BTHERMOSOX_1922	Unordered	55	298	T2SS_gspC	T2SS	T2SS        	T2SS_putative	no_decision	accessory	6.300e-13	45.400	0.882	0.221        	93	158
BTHERMOSOX_1431	Unordered	526	238	T2SS_gspN	T2SS	T2SS        	T2SS_putative	no_decision	accessory	1.100e-21	74.900	0.977	0.920        	6	224
BTHERMOSOX_998	Unordered	1837	463	T2SS_gspD	T2SS	T2SS        	T2SS_putative	no_decision	mandatory	1.700e-21	73.200	0.502	0.639        	168	463
BTHERMOSOX_553	Unordered	1617	419	T4P_pilM	T4P	T2SS        	T2SS_putative	no_decision	forbidden	4.300e-12	42.800	0.982	0.900        	11	387
BTHERMOSOX_628	Unordered	451	389	T1SS_mfp	T1SS	T1SS        	T1SS_putative	no_decision	mandatory	1.600e-39	132.900	0.508	0.509        	181	378
BTHERMOSOX_629	Unordered	452	722	T1SS_abc	T1SS	T1SS        	T1SS_putative	no_decision	mandatory	2.700e-89	297.000	0.996	0.698        	154	657
BTHERMOSOX_630	Unordered	453	523	T1SS_omf	T1SS	T1SS        	T1SS_putative	no_decision	mandatory	1.600e-20	69.900	0.950	0.707        	35	404
BTHERMOSOX_1231	Unordered	872	367	T1SS_mfp	T1SS	T1SS        	T1SS_putative	no_decision	mandatory	9.500e-26	87.500	0.500	0.540        	158	355
BTHERMOSOX_1232	Unordered	873	694	T1SS_abc	T1SS	T1SS        	T1SS_putative	no_decision	mandatory	3.300e-74	247.300	0.998	0.744        	166	681
BTHERMOSOX_1956	Unordered	920	596	T1SS_abc	T1SS	T1SS        	T1SS_putative	no_decision	mandatory	3.000e-83	277.100	0.938	0.805        	69	548
BTHERMOSOX_1861	Unordered	997	572	T1SS_abc	T1SS	T1SS        	T1SS_putative	no_decision	mandatory	6.100e-83	276.100	0.960	0.843        	48	529
BTHERMOSOX_989	Unordered	1828	457	T1SS_omf	T1SS	T1SS        	T1SS_putative	no_decision	mandatory	1.400e-08	30.600	0.790	0.689        	139	453
BTHERMOSOX_1050	Unordered	1889	715	T1SS_abc	T1SS	T1SS        	T1SS_putative	no_decision	mandatory	3.000e-139	461.900	1.000	0.703        	169	671
BTHERMOSOX_1051	Unordered	1890	454	T1SS_mfp	T1SS	T1SS        	T1SS_putative	no_decision	mandatory	2.400e-55	184.900	1.000	0.819        	72	443
BTHERMOSOX_1052	Unordered	1891	684	T1SS_abc	T1SS	T1SS        	T1SS_putative	no_decision	mandatory	3.200e-147	488.100	1.000	0.735        	146	648
BTHERMOSOX_1921	Unordered	54	645	T4P_pilQ	T4P	T4P        	T4P_putative	no_decision	mandatory	4.100e-45	151.300	0.996	0.422        	288	559
BTHERMOSOX_947	Unordered	233	257	T4P_pilD	T4P	T4P        	T4P_putative	no_decision	accessory	2.200e-72	240.500	0.991	0.895        	24	253
BTHERMOSOX_553	Unordered	1617	419	T4P_pilM	T4P	T4P        	T4P_putative	no_decision	mandatory	4.300e-12	42.800	0.982	0.900        	11	387
BTHERMOSOX_1002	Unordered	1841	563	T4P_pilB	T4P	T4P        	T4P_putative	no_decision	mandatory	9.300e-63	209.000	0.984	0.712        	143	543
BTHERMOSOX_1922	Unordered	55	298	T2SS_gspC	T2SS	T4P        	T4P_putative	no_decision	forbidden	6.300e-13	45.400	0.882	0.221        	93	158
BTHERMOSOX_1431	Unordered	526	238	T2SS_gspN	T2SS	T4P        	T4P_putative	no_decision	forbidden	1.100e-21	74.900	0.977	0.920        	6	224
BTHERMOSOX_997	Unordered	1836	273	T4SS_G_tfc2	T4SS_typeG	T4SS_typeG        	T4SS_typeG_putative	no_decision	accessory	8.400e-27	90.800	0.762	0.601        	3	166
#Hit_Id	Replicon_name	Position	Sequence_length	Gene	Reference_system	Predicted_system	System_Id	System_status	Gene_status	i-evalue	Score	Profile_coverage	Sequence_coverage	Begin_match	End_match
BCLUESOX_1974	Unordered	1183	463	Flg_sctN_FLG	Flagellum	Flagellum        	Flagellum_putative	no_decision	mandatory	5.900e-73	243.200	0.926	0.868        	3	404
BCLUESOX_2162	Unordered	1315	854	T6SSi_tssH	T6SSi	T6SSi        	T6SSi_putative	no_decision	mandatory	3.600e-241	800.200	0.971	0.971        	5	833
BCLUESOX_1459	Unordered	979	420	T3SS_sctN	T3SS	T3SS        	T3SS_putative	no_decision	mandatory	5.300e-27	92.000	0.548	0.562        	159	394
BCLUESOX_1976	Unordered	1185	513	T3SS_sctN	T3SS	T3SS        	T3SS_putative	no_decision	mandatory	2.100e-53	179.000	0.956	0.828        	22	446
BCLUESOX_884	Unordered	105	185	T2SS_gspC	T2SS	T2SS        	T2SS_putative	no_decision	accessory	1.700e-15	54.100	0.987	0.432        	83	162
BCLUESOX_2541	Unordered	1632	402	T2SS_gspF	T2SS	T2SS        	T2SS_putative	no_decision	mandatory	2.900e-116	386.300	1.000	0.978        	8	400
BCLUESOX_2542	Unordered	1633	484	T2SS_gspE	T2SS	T2SS        	T2SS_putative	no_decision	mandatory	1.700e-161	534.700	1.000	0.771        	8	380
BCLUESOX_430	Unordered	2027	132	T2SS_gspG	T2SS	T2SS        	T2SS_putative	no_decision	mandatory	6.100e-35	117.600	1.000	0.902        	13	131
BCLUESOX_432	Unordered	2029	121	T2SS_gspI	T2SS	T2SS        	T2SS_putative	no_decision	mandatory	5.900e-18	62.800	0.899	0.802        	5	101
BCLUESOX_433	Unordered	2030	164	T2SS_gspJ	T2SS	T2SS        	T2SS_putative	no_decision	mandatory	4.300e-12	44.200	0.545	0.409        	5	71
BCLUESOX_434	Unordered	2031	311	T2SS_gspK	T2SS	T2SS        	T2SS_putative	no_decision	mandatory	3.100e-17	60.600	0.547	0.412        	10	137
BCLUESOX_871	Unordered	92	408	T4P_pilM	T4P	T2SS        	T2SS_putative	no_decision	forbidden	9.300e-09	32.300	0.867	0.816        	10	342
BCLUESOX_98	Unordered	457	596	T1SS_abc	T1SS	T1SS        	T1SS_putative	no_decision	mandatory	7.700e-82	273.000	0.938	0.805        	69	548
BCLUESOX_2213	Unordered	1366	565	T1SS_abc	T1SS	T1SS        	T1SS_putative	no_decision	mandatory	7.000e-65	217.000	0.936	0.832        	76	545
BCLUESOX_2226	Unordered	1379	452	T1SS_omf	T1SS	T1SS        	T1SS_putative	no_decision	mandatory	2.000e-11	40.500	0.853	0.757        	106	447
BCLUESOX_2432	Unordered	1547	419	T1SS_omf	T1SS	T1SS        	T1SS_putative	no_decision	mandatory	2.200e-08	30.400	0.693	0.640        	134	401
BCLUESOX_2433	Unordered	1548	704	T1SS_abc	T1SS	T1SS        	T1SS_putative	no_decision	mandatory	2.600e-97	324.000	0.996	0.716        	163	666
BCLUESOX_2434	Unordered	1549	391	T1SS_mfp	T1SS	T1SS        	T1SS_putative	no_decision	mandatory	4.700e-43	145.000	0.526	0.519        	178	380
BCLUESOX_2498	Unordered	1589	682	T1SS_abc	T1SS	T1SS        	T1SS_putative	no_decision	mandatory	1.400e-145	483.300	1.000	0.738        	144	646
BCLUESOX_2499	Unordered	1590	449	T1SS_mfp	T1SS	T1SS        	T1SS_putative	no_decision	mandatory	1.600e-55	186.000	1.000	0.824        	69	438
BCLUESOX_2500	Unordered	1591	715	T1SS_abc	T1SS	T1SS        	T1SS_putative	no_decision	mandatory	3.500e-139	462.100	1.000	0.703        	169	671
BCLUESOX_2609	Unordered	1667	572	T1SS_abc	T1SS	T1SS        	T1SS_putative	no_decision	mandatory	9.000e-82	272.700	0.956	0.839        	50	529
BCLUESOX_871	Unordered	92	408	T4P_pilM	T4P	T4P        	T4P_putative	no_decision	mandatory	9.300e-09	32.300	0.867	0.816        	10	342
BCLUESOX_1362	Unordered	956	499	T4P_pilQ	T4P	T4P        	T4P_putative	no_decision	mandatory	5.100e-22	76.000	0.989	0.547        	225	497
BCLUESOX_1369	Unordered	963	559	T4P_pilB	T4P	T4P        	T4P_putative	no_decision	mandatory	1.500e-66	222.000	0.984	0.719        	135	536
BCLUESOX_2384	Unordered	1499	290	T4P_pilAE	T4P	T4P        	T4P_putative	no_decision	mandatory	7.000e-04	17.900	0.824	0.521        	8	158
BCLUESOX_2393	Unordered	1508	313	T4P_pilT_pilU	T4P	T4P        	T4P_putative	no_decision	mandatory	1.200e-49	166.600	0.712	0.735        	38	267
BCLUESOX_2543	Unordered	1634	640	T4P_pilQ	T4P	T4P        	T4P_putative	no_decision	mandatory	4.700e-48	161.400	0.996	0.431        	291	566
BCLUESOX_428	Unordered	2025	246	T4P_pilD	T4P	T4P        	T4P_putative	no_decision	accessory	6.000e-71	236.300	0.978	0.927        	11	238
BCLUESOX_884	Unordered	105	185	T2SS_gspC	T2SS	T4P        	T4P_putative	no_decision	forbidden	1.700e-15	54.100	0.987	0.432        	83	162
BCLUESOX_1361	Unordered	955	273	T4SS_G_tfc2	T4SS_typeG	T4SS_typeG        	T4SS_typeG_putative	no_decision	accessory	4.400e-31	105.300	0.762	0.590        	8	168
BCLUESOX_628	Unordered	666	992	T5aSS_PF03797	T5aSS	T5aSS        	T5aSS_putative	no_decision	mandatory	7.000e-12	42.800	0.962	0.234        	745	976
BCLUESOX_118	Unordered	1819	618	T5aSS_PF03797	T5aSS	T5aSS        	T5aSS_putative	no_decision	mandatory	2.600e-09	34.400	0.906	0.332        	392	596
BCLUESOX_122	Unordered	1823	1224	T5aSS_PF03797	T5aSS	T5aSS        	T5aSS_putative	no_decision	mandatory	5.900e-12	43.000	0.909	0.176        	993	1208
BCLUESOX_514	Unordered	2069	292	T5aSS_PF03797	T5aSS	T5aSS        	T5aSS_putative	no_decision	mandatory	2.600e-12	44.200	0.906	0.729        	58	270
BCLUESOX_712	Unordered	2183	364	T5aSS_PF03797	T5aSS	T5aSS        	T5aSS_putative	no_decision	mandatory	4.100e-12	43.600	0.755	0.505        	131	314
BCLUESOX_2718	Unordered	1739	568	T5bSS_translocator	T5bSS	T5bSS        	T5bSS_putative	no_decision	mandatory	2.300e-68	228.400	0.927	0.880        	52	551
BCLUESOX_567	Unordered	2095	592	T5bSS_translocator	T5bSS	T5bSS        	T5bSS_putative	no_decision	mandatory	6.700e-63	210.300	0.970	0.894        	54	582
#Hit_Id	Replicon_name	Position	Sequence_length	Gene	Reference_system	Predicted_system	System_Id	System_status	Gene_status	i-evalue	Score	Profile_coverage	Sequence_coverage	Begin_match	End_match
W908_03235	UserReplicon	622	252	T4P_pilD	T4P	T4P	UserReplicon_T4P_1	single_locus	accessory	7.8e-46	153.4	0.995690	0.924603	9	241
W908_03240	UserReplicon	623	337	T4P_pilT_pilU	T4P	T4P	UserReplicon_T4P_1	single_locus	mandatory	1.5e-130	431.8	0.969970	0.955490	11	332
W908_03245	UserReplicon	624	173	T4P_pilAE	T4P	T4P	UserReplicon_T4P_1	single_locus	mandatory	7.7e-12	43.0	0.818182	0.872832	5	155
W908_03275	UserReplicon	630	550	T4P_pilM	T4P	T4P	UserReplicon_T4P_1	single_locus	mandatory	5.3e-28	94.8	0.624260	0.381818	24	233
W908_03280	UserReplicon	631	260	T4P_pilO	T4P	T4P	UserReplicon_T4P_1	single_locus	mandatory	4.2e-10	36.5	0.893048	0.776923	40	241
W908_03290	UserReplicon	633	519	T4P_pilQ	T4P	T4P	UserReplicon_T4P_1	single_locus	mandatory	1.4e-58	195.3	1.000000	0.500963	260	519
W908_03295	UserReplicon	634	615	T4P_pilB	T4P	T4P	UserReplicon_T4P_1	single_locus	mandatory	3.7e-150	496.5	0.992167	0.622764	225	607
W908_03300	UserReplicon	635	416	T4P_pilC	T4P	T4P	UserReplicon_T4P_1	single_locus	mandatory	6.8e-96	318.0	0.994100	0.817308	76	415
W908_03305	UserReplicon	636	146	T4P_pilAE	T4P	T4P	UserReplicon_T4P_1	single_locus	mandatory	1.8e-21	74.4	0.678788	0.719178	22	126
W908_03310	UserReplicon	637	164	T4P_pilAE	T4P	T4P	UserReplicon_T4P_1	single_locus	mandatory	2.8e-18	64.0	0.915152	0.786585	17	145
W908_04920	UserReplicon	948	1058	T5aSS_PF03797	T5aSS	T5aSS	UserReplicon_T5aSS_1	single_locus	mandatory	1.3e-19	67.4	0.966038	0.241021	783	1037

#Hit_Id	Replicon_name	Position	Sequence_length	Gene	Reference_system	Predicted_system	System_Id	System_status	Gene_status	i-evalue	Score	Profile_coverage	Sequence_coverage	Begin_match	End_match
CrypSOX48	Unordered	48	460	Flg_sctN_FLG	Flagellum	Flagellum        	Flagellum_putative	no_decision	mandatory	7.100e-74	245.500	0.926	0.874        	3	404
CrypSOX1584	Unordered	1583	852	T6SSi_tssH	T6SSi	T6SSi        	T6SSi_putative	no_decision	mandatory	1.200e-242	804.400	0.971	0.973        	3	831
CrypSOX50	Unordered	50	513	T3SS_sctN	T3SS	T3SS        	T3SS_putative	no_decision	mandatory	3.500e-55	184.100	0.954	0.827        	23	446
CrypSOX148	Unordered	148	420	T3SS_sctN	T3SS	T3SS        	T3SS_putative	no_decision	mandatory	3.400e-27	91.900	0.551	0.564        	158	394
CrypSOX315	Unordered	315	599	T1SS_abc	T1SS	T1SS        	T1SS_putative	no_decision	mandatory	3.400e-64	214.000	0.932	0.791        	82	555
CrypSOX1521	Unordered	1520	573	T1SS_abc	T1SS	T1SS        	T1SS_putative	no_decision	mandatory	2.600e-80	267.200	0.954	0.836        	51	529
CrypSOX1569	Unordered	1568	596	T1SS_abc	T1SS	T1SS        	T1SS_putative	no_decision	mandatory	7.800e-86	285.400	0.920	0.784        	82	548
CrypSOX1598	Unordered	1597	326	T1SS_omf	T1SS	T1SS        	T1SS_putative	no_decision	mandatory	3.000e-11	39.100	0.762	0.917        	20	318
CrypSOX268	Unordered	268	413	T4P_pilM	T4P	T4P        	T4P_putative	no_decision	mandatory	5.300e-15	52.100	0.893	0.823        	18	357
CrypSOX685	Unordered	684	604	T4SS_B_traP	T4SS_typeB	T4SS_typeB        	T4SS_typeB_putative	no_decision	accessory	4.600e-06	22.500	0.517	0.262        	14	171
CrypSOX74	Unordered	74	1051	T4SS_MOBF	CONJ	CONJ        	CONJ_putative	no_decision	accessory	1.100e-212	705.400	0.999	0.854        	1	898
CrypSOX75	Unordered	75	675	T4SS_t4cp2	CONJ	CONJ        	CONJ_putative	no_decision	mandatory	7.300e-43	143.000	0.973	0.316        	342	554
CrypSOX88	Unordered	88	824	T4SS_virb4	CONJ	CONJ        	CONJ_putative	no_decision	mandatory	9.100e-94	312.100	0.813	0.990        	4	819
CrypSOX71	Unordered	71	448	T4SS_F_traH	T4SS_typeF	T4SS_typeF        	T4SS_typeF_putative	no_decision	accessory	4.200e-54	180.500	0.918	0.946        	23	446
CrypSOX77	Unordered	77	281	T4SS_F_traF	T4SS_typeF	T4SS_typeF        	T4SS_typeF_putative	no_decision	accessory	1.300e-18	63.800	0.822	0.801        	24	248
CrypSOX80	Unordered	80	256	T4SS_F_trbC	T4SS_typeF	T4SS_typeF        	T4SS_typeF_putative	no_decision	accessory	5.300e-27	91.800	0.817	0.828        	32	243
CrypSOX82	Unordered	82	327	T4SS_F_traU	T4SS_typeF	T4SS_typeF        	T4SS_typeF_putative	no_decision	accessory	3.300e-111	367.800	0.964	0.972        	7	324
CrypSOX83	Unordered	83	199	T4SS_F_traW	T4SS_typeF	T4SS_typeF        	T4SS_typeF_putative	no_decision	accessory	6.800e-22	74.600	0.934	0.915        	13	194
CrypSOX89	Unordered	89	170	T4SS_F_traV	T4SS_typeF	T4SS_typeF        	T4SS_typeF_putative	no_decision	accessory	3.300e-11	40.300	0.633	0.953        	1	162
CrypSOX90	Unordered	90	387	T4SS_F_traB	T4SS_typeF	T4SS_typeF        	T4SS_typeF_putative	no_decision	accessory	8.700e-71	235.800	0.912	0.935        	24	385
CrypSOX91	Unordered	91	227	T4SS_F_traK	T4SS_typeF	T4SS_typeF        	T4SS_typeF_putative	no_decision	accessory	2.500e-10	36.800	0.727	0.903        	8	212
CrypSOX92	Unordered	92	187	T4SS_F_traE	T4SS_typeF	T4SS_typeF        	T4SS_typeF_putative	no_decision	accessory	1.000e-33	113.000	0.943	0.979        	1	183
CrypSOX1035	Unordered	1034	572	T5bSS_translocator	T5bSS	T5bSS        	T5bSS_putative	no_decision	mandatory	6.600e-69	229.400	0.964	0.921        	34	560
#Hit_Id	Replicon_name	Position	Sequence_length	Gene	Reference_system	Predicted_system	System_Id	System_status	Gene_status	i-evalue	Score	Profile_coverage	Sequence_coverage	Begin_match	End_match
Rmag_0253	UserReplicon	231	1269	T1SS_omf	T1SS	T1SS        	UserReplicon_T1SS_1	single_locus	mandatory	5.600e-19	63.800	0.953	0.292        	30	400
Rmag_0255	UserReplicon	233	2079	T1SS_abc	T1SS	T1SS        	UserReplicon_T1SS_1	single_locus	mandatory	5.300e-94	311.600	0.996	0.242        	154	657
Rmag_0256	UserReplicon	234	1170	T1SS_mfp	T1SS	T1SS        	UserReplicon_T1SS_1	single_locus	mandatory	2.600e-41	137.700	0.508	0.169        	181	378
#Hit_Id	Replicon_name	Position	Sequence_length	Gene	Reference_system	Predicted_system	System_Id	System_status	Gene_status	i-evalue	Score	Profile_coverage	Sequence_coverage	Begin_match	End_match
BPUTEOSOX_1331	Unordered	92	463	Flg_sctN_FLG	Flagellum	Flagellum        	Flagellum_putative	no_decision	mandatory	4.400e-73	243.200	0.926	0.868        	3	404
BPUTEOSOX_1696	Unordered	783	852	T6SSi_tssH	T6SSi	T6SSi        	T6SSi_putative	no_decision	mandatory	1.200e-242	804.700	0.971	0.973        	3	831
BPUTEOSOX_1329	Unordered	90	513	T3SS_sctN	T3SS	T3SS        	T3SS_putative	no_decision	mandatory	2.400e-52	175.100	0.956	0.828        	22	446
BPUTEOSOX_666	Unordered	452	420	T3SS_sctN	T3SS	T3SS        	T3SS_putative	no_decision	mandatory	2.000e-27	93.000	0.548	0.562        	159	394
BPUTEOSOX_627	Unordered	413	296	T2SS_gspK	T2SS	T2SS        	T2SS_putative	no_decision	mandatory	4.700e-17	59.700	0.591	0.466        	10	147
BPUTEOSOX_628	Unordered	414	165	T2SS_gspJ	T2SS	T2SS        	T2SS_putative	no_decision	mandatory	1.900e-12	45.000	0.553	0.412        	5	72
BPUTEOSOX_629	Unordered	415	121	T2SS_gspI	T2SS	T2SS        	T2SS_putative	no_decision	mandatory	4.500e-17	59.500	0.908	0.810        	5	102
BPUTEOSOX_808	Unordered	594	191	T2SS_gspC	T2SS	T2SS        	T2SS_putative	no_decision	accessory	2.000e-15	53.500	0.908	0.356        	101	168
BPUTEOSOX_514	Unordered	1215	402	T2SS_gspF	T2SS	T2SS        	T2SS_putative	no_decision	mandatory	9.700e-112	370.900	1.000	0.978        	8	400
BPUTEOSOX_515	Unordered	1216	484	T2SS_gspE	T2SS	T2SS        	T2SS_putative	no_decision	mandatory	1.300e-161	534.700	1.000	0.771        	8	380
BPUTEOSOX_516	Unordered	1217	654	T2SS_gspD	T2SS	T2SS        	T2SS_putative	no_decision	mandatory	1.000e-151	503.300	0.988	0.833        	26	570
BPUTEOSOX_789	Unordered	575	408	T4P_pilM	T4P	T2SS        	T2SS_putative	no_decision	forbidden	2.000e-09	34.100	0.524	0.483        	148	344
BPUTEOSOX_336	Unordered	223	452	T1SS_omf	T1SS	T1SS        	T1SS_putative	no_decision	mandatory	1.500e-10	37.200	0.843	0.765        	102	447
BPUTEOSOX_1001	Unordered	715	572	T1SS_abc	T1SS	T1SS        	T1SS_putative	no_decision	mandatory	6.100e-82	272.900	0.964	0.848        	45	529
BPUTEOSOX_1715	Unordered	802	565	T1SS_abc	T1SS	T1SS        	T1SS_putative	no_decision	mandatory	8.600e-66	219.600	0.938	0.834        	75	545
BPUTEOSOX_1741	Unordered	828	596	T1SS_abc	T1SS	T1SS        	T1SS_putative	no_decision	mandatory	4.800e-84	279.800	0.920	0.784        	82	548
BPUTEOSOX_1425	Unordered	1984	715	T1SS_abc	T1SS	T1SS        	T1SS_putative	no_decision	mandatory	5.800e-139	461.000	1.000	0.703        	169	671
BPUTEOSOX_1426	Unordered	1985	502	T1SS_mfp	T1SS	T1SS        	T1SS_putative	no_decision	mandatory	8.100e-56	186.600	1.000	0.737        	122	491
BPUTEOSOX_1427	Unordered	1986	682	T1SS_abc	T1SS	T1SS        	T1SS_putative	no_decision	mandatory	1.400e-146	486.200	1.000	0.738        	144	646
BPUTEOSOX_1458	Unordered	2017	391	T1SS_mfp	T1SS	T1SS        	T1SS_putative	no_decision	mandatory	3.300e-41	138.500	0.503	0.501        	185	380
BPUTEOSOX_1459	Unordered	2018	706	T1SS_abc	T1SS	T1SS        	T1SS_putative	no_decision	mandatory	1.400e-94	314.600	0.996	0.714        	165	668
BPUTEOSOX_1460	Unordered	2019	419	T1SS_omf	T1SS	T1SS        	T1SS_putative	no_decision	mandatory	4.400e-14	48.800	0.790	0.742        	88	398
BPUTEOSOX_632	Unordered	418	245	T4P_pilD	T4P	T4P        	T4P_putative	no_decision	accessory	7.300e-71	235.700	0.983	0.918        	10	234
BPUTEOSOX_789	Unordered	575	408	T4P_pilM	T4P	T4P        	T4P_putative	no_decision	mandatory	2.000e-09	34.100	0.524	0.483        	148	344
BPUTEOSOX_808	Unordered	594	191	T2SS_gspC	T2SS	T4P        	T4P_putative	no_decision	forbidden	2.000e-15	53.500	0.908	0.356        	101	168
BPUTEOSOX_1293	Unordered	54	1311	T5aSS_PF03797	T5aSS	T5aSS        	T5aSS_putative	no_decision	mandatory	2.000e-13	47.500	0.909	0.166        	1079	1295
BPUTEOSOX_1296	Unordered	57	546	T5aSS_PF03797	T5aSS	T5aSS        	T5aSS_putative	no_decision	mandatory	2.800e-12	43.700	0.921	0.401        	310	528
BPUTEOSOX_1028	Unordered	26	570	T5bSS_translocator	T5bSS	T5bSS        	T5bSS_putative	no_decision	mandatory	4.800e-68	226.900	0.968	0.926        	33	560
BPUTEOSOX_287	Unordered	1730	562	T5bSS_translocator	T5bSS	T5bSS        	T5bSS_putative	no_decision	mandatory	7.000e-64	213.200	0.925	0.884        	49	545
#Hit_Id	Replicon_name	Position	Sequence_length	Gene	Reference_system	Predicted_system	System_Id	System_status	Gene_status	i-evalue	Score	Profile_coverage	Sequence_coverage	Begin_match	End_match
EEZ80220	Unordered	596	459	Flg_sctN_FLG	Flagellum	Flagellum        	Flagellum_putative	no_decision	mandatory	9.100e-74	244.900	0.923	0.874        	3	403
EEZ79895	Unordered	921	852	T6SSi_tssH	T6SSi	T6SSi        	T6SSi_putative	no_decision	mandatory	1.200e-239	794.300	0.971	0.973        	3	831
EEZ79675	Unordered	1141	420	T3SS_sctN	T3SS	T3SS        	T3SS_putative	no_decision	mandatory	7.700e-27	90.500	0.548	0.562        	159	394
EEZ80362	Unordered	454	151	T2SS_gspI	T2SS	T2SS        	T2SS_putative	no_decision	mandatory	2.400e-04	18.100	0.514	0.371        	7	62
EEZ80361	Unordered	455	139	T2SS_gspJ	T2SS	T2SS        	T2SS_putative	no_decision	mandatory	8.100e-07	26.300	0.585	0.511        	8	78
EEZ80472	Unordered	344	407	T4P_pilM	T4P	T2SS        	T2SS_putative	no_decision	forbidden	8.200e-14	48.000	0.891	0.838        	9	349
EEZ80652	Unordered	164	597	T1SS_abc	T1SS	T1SS        	T1SS_putative	no_decision	mandatory	5.800e-85	282.300	0.982	0.836        	49	547
EEZ80166	Unordered	650	573	T1SS_abc	T1SS	T1SS        	T1SS_putative	no_decision	mandatory	5.000e-84	279.200	0.964	0.845        	46	529
EEZ79905	Unordered	911	415	T1SS_omf	T1SS	T1SS        	T1SS_putative	no_decision	mandatory	3.400e-05	19.000	0.853	0.836        	62	408
ACX30450	Unordered	1443	573	T1SS_abc	T1SS	T1SS        	T1SS_putative	no_decision	mandatory	2.600e-84	280.200	0.964	0.845        	46	529
EEZ80805	Unordered	11	565	T4P_pilB	T4P	T4P        	T4P_putative	no_decision	mandatory	6.200e-153	505.400	0.990	0.676        	176	557
EEZ80804	Unordered	12	412	T4P_pilC	T4P	T4P        	T4P_putative	no_decision	mandatory	2.600e-102	338.900	0.997	0.828        	72	412
EEZ80803	Unordered	13	135	T4P_pilAE	T4P	T4P        	T4P_putative	no_decision	mandatory	9.200e-17	58.900	0.618	0.681        	9	100
EEZ80472	Unordered	344	407	T4P_pilM	T4P	T4P        	T4P_putative	no_decision	mandatory	8.200e-14	48.000	0.891	0.838        	9	349
EEZ80382	Unordered	434	132	T4P_pilAE	T4P	T4P        	T4P_putative	no_decision	mandatory	1.300e-16	58.400	0.515	0.758        	4	103
EEZ80366	Unordered	450	254	T4P_pilD	T4P	T4P        	T4P_putative	no_decision	accessory	9.300e-44	146.400	0.991	0.913        	12	243
EEZ80365	Unordered	451	240	T4P_pilT_pilU	T4P	T4P        	T4P_putative	no_decision	mandatory	2.600e-91	302.600	0.673	0.929        	9	231
EEZ80363	Unordered	453	184	T4P_pilAE	T4P	T4P        	T4P_putative	no_decision	mandatory	2.300e-16	57.500	0.642	0.668        	10	132
EEZ80012	Unordered	804	319	T5aSS_PF03797	T5aSS	T5aSS        	T5aSS_putative	no_decision	mandatory	5.000e-26	88.300	0.966	0.818        	38	298
EEZ80041	Unordered	775	512	T5cSS_PF03895	T5cSS	T5cSS        	T5cSS_putative	no_decision	mandatory	2.300e-12	43.500	0.962	0.145        	439	512
#Hit_Id	Replicon_name	Position	Sequence_length	Gene	Reference_system	Predicted_system	System_Id	System_status	Gene_status	i-evalue	Score	Profile_coverage	Sequence_coverage	Begin_match	End_match
BTURTLESOX_224	Unordered	224	358	Flg_sctN_FLG	Flagellum	Flagellum        	Flagellum_putative	no_decision	mandatory	7.300e-31	104.400	0.647	0.816        	1	292
BTURTLESOX_2473	Unordered	2472	854	T6SSi_tssH	T6SSi	T6SSi        	T6SSi_putative	no_decision	mandatory	2.500e-241	800.600	0.971	0.971        	5	833
BTURTLESOX_1790	Unordered	1789	564	T5bSS_translocator	T5bSS	T5bSS        	T5bSS_putative	no_decision	mandatory	1.700e-68	228.700	0.927	0.887        	48	547
BTURTLESOX_2003	Unordered	2002	592	T5bSS_translocator	T5bSS	T5bSS        	T5bSS_putative	no_decision	mandatory	4.400e-63	210.800	0.970	0.894        	54	582
BTURTLESOX_1420	Unordered	1419	420	T3SS_sctN	T3SS	T3SS        	T3SS_putative	no_decision	mandatory	4.800e-27	92.000	0.548	0.562        	159	394
BTURTLESOX_1887	Unordered	1886	513	T3SS_sctN	T3SS	T3SS        	T3SS_putative	no_decision	mandatory	1.900e-53	179.000	0.956	0.828        	22	446
BTURTLESOX_913	Unordered	912	1027	T5aSS_PF03797	T5aSS	T5aSS        	T5aSS_putative	no_decision	mandatory	1.200e-10	38.600	0.906	0.204        	796	1005
BTURTLESOX_990	Unordered	989	309	T5aSS_PF03797	T5aSS	T5aSS        	T5aSS_putative	no_decision	mandatory	6.000e-12	42.900	0.906	0.689        	75	287
BTURTLESOX_1119	Unordered	1118	992	T5aSS_PF03797	T5aSS	T5aSS        	T5aSS_putative	no_decision	mandatory	6.400e-12	42.800	0.962	0.234        	745	976
BTURTLESOX_1263	Unordered	1262	1152	T5aSS_PF03797	T5aSS	T5aSS        	T5aSS_putative	no_decision	mandatory	5.200e-12	43.100	0.909	0.188        	921	1136
BTURTLESOX_2510	Unordered	2509	250	T4SS_I_traP	T4SS_typeI	T4SS_typeI        	T4SS_typeI_putative	no_decision	accessory	5.800e-07	26.600	0.837	0.844        	26	236
BTURTLESOX_921	Unordered	920	132	T2SS_gspG	T2SS	T2SS        	T2SS_putative	no_decision	mandatory	7.700e-35	117.200	1.000	0.902        	13	131
BTURTLESOX_923	Unordered	922	121	T2SS_gspI	T2SS	T2SS        	T2SS_putative	no_decision	mandatory	5.300e-18	62.800	0.899	0.802        	5	101
BTURTLESOX_924	Unordered	923	164	T2SS_gspJ	T2SS	T2SS        	T2SS_putative	no_decision	mandatory	3.900e-12	44.200	0.545	0.409        	5	71
BTURTLESOX_925	Unordered	924	311	T2SS_gspK	T2SS	T2SS        	T2SS_putative	no_decision	mandatory	2.800e-17	60.600	0.547	0.412        	10	137
BTURTLESOX_1693	Unordered	1692	482	T2SS_gspE	T2SS	T2SS        	T2SS_putative	no_decision	mandatory	1.500e-161	534.800	1.000	0.774        	6	378
BTURTLESOX_1694	Unordered	1693	402	T2SS_gspF	T2SS	T2SS        	T2SS_putative	no_decision	mandatory	2.400e-116	386.300	1.000	0.978        	8	400
BTURTLESOX_1730	Unordered	1729	110	T2SS_gspC	T2SS	T2SS        	T2SS_putative	no_decision	accessory	3.800e-16	56.100	0.987	0.727        	8	87
BTURTLESOX_1717	Unordered	1716	408	T4P_pilM	T4P	T2SS        	T2SS_putative	no_decision	forbidden	8.400e-09	32.300	0.867	0.816        	10	342
BTURTLESOX_1086	Unordered	1085	853	T4SS_virb4	CONJ	CONJ        	CONJ_putative	no_decision	mandatory	3.200e-78	261.200	0.808	0.988        	4	846
BTURTLESOX_1091	Unordered	1090	543	T4SS_MOBH	CONJ	CONJ        	CONJ_putative	no_decision	accessory	1.900e-28	96.700	0.725	0.274        	2	150
BTURTLESOX_2508	Unordered	2507	699	T4SS_t4cp2	CONJ	CONJ        	CONJ_putative	no_decision	mandatory	2.500e-25	86.300	0.964	0.345        	404	644
BTURTLESOX_311	Unordered	311	682	T1SS_abc	T1SS	T1SS        	T1SS_putative	no_decision	mandatory	1.200e-145	483.300	1.000	0.738        	144	646
BTURTLESOX_313	Unordered	313	449	T1SS_mfp	T1SS	T1SS        	T1SS_putative	no_decision	mandatory	1.600e-55	185.900	1.000	0.824        	69	438
BTURTLESOX_315	Unordered	315	611	T1SS_abc	T1SS	T1SS        	T1SS_putative	no_decision	mandatory	1.900e-139	462.900	1.000	0.823        	65	567
BTURTLESOX_886	Unordered	885	572	T1SS_abc	T1SS	T1SS        	T1SS_putative	no_decision	mandatory	2.000e-82	274.700	0.956	0.839        	50	529
BTURTLESOX_1829	Unordered	1828	452	T1SS_omf	T1SS	T1SS        	T1SS_putative	no_decision	mandatory	1.800e-11	40.500	0.853	0.757        	106	447
BTURTLESOX_2370	Unordered	2369	419	T1SS_omf	T1SS	T1SS        	T1SS_putative	no_decision	mandatory	1.200e-08	31.100	0.695	0.642        	133	401
BTURTLESOX_2371	Unordered	2370	704	T1SS_abc	T1SS	T1SS        	T1SS_putative	no_decision	mandatory	2.400e-97	324.000	0.996	0.716        	163	666
BTURTLESOX_2372	Unordered	2371	391	T1SS_mfp	T1SS	T1SS        	T1SS_putative	no_decision	mandatory	4.300e-43	145.000	0.526	0.519        	178	380
BTURTLESOX_2459	Unordered	2458	596	T1SS_abc	T1SS	T1SS        	T1SS_putative	no_decision	mandatory	7.000e-82	273.000	0.938	0.805        	69	548
BTURTLESOX_437	Unordered	437	247	T4P_pilQ	T4P	T4P        	T4P_putative	no_decision	mandatory	2.400e-21	73.700	0.703	0.866        	32	245
BTURTLESOX_444	Unordered	444	559	T4P_pilB	T4P	T4P        	T4P_putative	no_decision	mandatory	1.300e-66	222.000	0.984	0.719        	135	536
BTURTLESOX_919	Unordered	918	246	T4P_pilD	T4P	T4P        	T4P_putative	no_decision	accessory	5.500e-71	236.300	0.978	0.927        	11	238
BTURTLESOX_1692	Unordered	1691	640	T4P_pilQ	T4P	T4P        	T4P_putative	no_decision	mandatory	6.200e-48	160.900	0.996	0.431        	291	566
BTURTLESOX_1717	Unordered	1716	408	T4P_pilM	T4P	T4P        	T4P_putative	no_decision	mandatory	8.400e-09	32.300	0.867	0.816        	10	342
BTURTLESOX_2195	Unordered	2194	313	T4P_pilT_pilU	T4P	T4P        	T4P_putative	no_decision	mandatory	1.100e-49	166.600	0.712	0.735        	38	267
BTURTLESOX_2204	Unordered	2203	290	T4P_pilAE	T4P	T4P        	T4P_putative	no_decision	mandatory	6.300e-04	17.900	0.824	0.521        	8	158
BTURTLESOX_1730	Unordered	1729	110	T2SS_gspC	T2SS	T4P        	T4P_putative	no_decision	forbidden	3.800e-16	56.100	0.987	0.727        	8	87
BTURTLESOX_435	Unordered	435	223	T4SS_G_tfc2	T4SS_typeG	T4SS_typeG        	T4SS_typeG_putative	no_decision	accessory	3.000e-29	99.100	0.545	0.480        	12	118
BTURTLESOX_1078	Unordered	1077	102	T4SS_G_tfc8	T4SS_typeG	T4SS_typeG        	T4SS_typeG_putative	no_decision	accessory	1.700e-07	28.300	0.716	0.794        	6	86
BTURTLESOX_1082	Unordered	1081	211	T4SS_G_tfc12	T4SS_typeG	T4SS_typeG        	T4SS_typeG_putative	no_decision	accessory	3.900e-40	134.600	0.878	0.896        	19	207
BTURTLESOX_1083	Unordered	1082	262	T4SS_G_tfc13	T4SS_typeG	T4SS_typeG        	T4SS_typeG_putative	no_decision	accessory	8.200e-43	143.900	0.906	0.969        	6	259
BTURTLESOX_1084	Unordered	1083	417	T4SS_G_tfc14	T4SS_typeG	T4SS_typeG        	T4SS_typeG_putative	no_decision	accessory	9.700e-73	243.000	0.768	0.882        	39	406
BTURTLESOX_1087	Unordered	1086	125	T4SS_G_tfc24	T4SS_typeG	T4SS_typeG        	T4SS_typeG_putative	no_decision	accessory	1.500e-18	64.200	0.793	0.936        	7	123
BTURTLESOX_1088	Unordered	1087	303	T4SS_G_tfc23	T4SS_typeG	T4SS_typeG        	T4SS_typeG_putative	no_decision	accessory	1.300e-69	232.100	0.937	0.954        	8	296
BTURTLESOX_2507	Unordered	2506	171	T4SS_G_tfc5	T4SS_typeG	T4SS_typeG        	T4SS_typeG_putative	no_decision	accessory	5.600e-26	88.500	0.913	0.889        	20	171
BTURTLESOX_2509	Unordered	2508	221	T4SS_G_tfc7	T4SS_typeG	T4SS_typeG        	T4SS_typeG_putative	no_decision	accessory	4.400e-40	135.000	0.976	0.991        	3	221
BTURTLESOX_2511	Unordered	2510	214	T4SS_G_tfc3	T4SS_typeG	T4SS_typeG        	T4SS_typeG_putative	no_decision	accessory	3.300e-25	85.700	0.854	0.967        	6	212
BTURTLESOX_2512	Unordered	2511	417	T4SS_G_tfc22	T4SS_typeG	T4SS_typeG        	T4SS_typeG_putative	no_decision	accessory	2.100e-71	238.100	0.919	0.938        	13	403
BTURTLESOX_2513	Unordered	2512	491	T4SS_G_tfc19	T4SS_typeG	T4SS_typeG        	T4SS_typeG_putative	no_decision	accessory	5.100e-47	157.800	0.947	0.967        	10	484
